Project_Name,First_File_Document_ID,First_File_URL,First_File_Type,Total_Documents_in_Project,Other_Documents_Count,Other_Document_Types,Other_Document_IDs,Sector
Administratívna budova Úradu vlády Slovenskej republiky „Čajka“,3.006,https://www.mfsr.sk/files/archiv/66/Hodnotenie_Cajka20220728_PDF.pdf,analýza,1,0,None,None,Budovy
Aktualizácia hodnotenia projektu Bojových obrnených vozidiel 8x8,4.009,https://www.mfsr.sk/files/archiv/68/Aktualizacia_BOV8x8_20220824.pdf,analýza,2,1,štúdia uskutočniteľnosti,4.026,Obrana
Akvizícia palebných prostriedkov protivzdušnej obrany – prvá etapa (aktualizácia),4.013,https://www.mfsr.sk/files/archiv/6/UHP_MO_Aktualizacia_PVO.pdf,analýza,2,1,štúdia uskutočniteľnosti,4.022,Obrana
Akvizícia prostriedkov protivzdušnej obrany (projektový zámer),4.011,https://www.mfsr.sk/files/archiv/93/Hodnotenie_PVO.pdf,analýza,2,1,štúdia uskutočniteľnosti,4.028,Obrana
Atlas pasívnej infraštruktúry,2.037,https://www.mfsr.sk/files/archiv/62/API_UHP_hodnotenie_20190611.pdf,analýza,1,0,None,None,Informatizacia
Budova Najvyššieho súdu SR,3.021,https://www.mfsr.sk/files/archiv/78/Hodnotenie_UHP_NS-SR.pdf,analýza,2,1,štúdia uskutočniteľnosti,3.04,Budovy
Centrum ochrany kritickej infraštruktúry a podpora činností v oblasti krízového riadenia Slovenskej republiky v gescii MH SR,2.038,https://www.mfsr.sk/files/archiv/27/MH_SR_Krit_infra_UHP_hodnotenie_190701.pdf,analýza,1,0,None,None,Informatizacia
Centrálna API Manažment Platforma,2.021,https://www.mfsr.sk/files/archiv/63/API_GW_UHP_hodnotenie_20190220.pdf,analýza,1,0,None,None,Informatizacia
Centrálna integračná platforma MZ SR,2.1,https://www.mfsr.sk/files/sk/financie/hodnota-za-peniaze/hodnotenia/informatizacia/hodnotenie_cip_20250709.pdf,hodnotenie,1,0,None,None,Informatizacia
Centrálna rámcová dohoda SAP - dodatok č. 1 (aktualizácia),2.086,https://www.mfsr.sk/files/sk/financie/hodnota-za-peniaze/hodnotenia-investicnych-projektov/it/hodnotenie_dodatok_sap.pdf,hodnotenie,1,0,None,None,Informatizacia
Centrálny ekonomický systém,2.001,https://www.mfsr.sk/files/archiv/uhp/3370/76/stanovisko_CES_VfM_170503.pdf,analýza,1,0,None,None,Informatizacia
Centrálny ekonomický systém – dodatok č. 3 (aktualizácia),2.082,https://www.mfsr.sk/files/sk/financie/hodnota-za-peniaze/hodnotenia-investicnych-projektov/it/aktualizacia_hodnotenia_ces.pdf,hodnotenie,1,0,None,None,Informatizacia
Centrálny systém súdneho riadenia,2.035,https://www.mfsr.sk/files/archiv/19/CSSR_UHP_hodnotenie_20190611.pdf,analýza,1,0,None,None,Informatizacia
Cesta I/75 Šaľa – obchvat (aktualizácia pred podpisom zmluvy),1.101,https://www.mfsr.sk/files/sk/financie/hodnota-za-peniaze/hodnotenia-investicnych-projektov/doprava/i75-sala_aktualizacia-hodnotenia-pred-podpisom-zmluvy.pdf,hodnotenie,1,0,None,None,Doprava
Cloud MIRRI SR,2.063,https://www.mfsr.sk/files/archiv/88/Cloud_MIRRI_SR_hodnotenie_UHP_20230221.pdf,analýza,1,0,None,None,Informatizacia
"D1 Beharovce – Branisko, 2. profil",1.112,https://www.mfsr.sk/files/sk/financie/hodnota-za-peniaze/hodnotenia/doprava/hodnotenie_d1_beharovce-branisko.pdf,hodnotenie,2,1,štúdia uskutočniteľnosti,1.144,Doprava
"D1 Lietavská Lúčka – Dubná Skala, technológia tunela",1.045,https://www.mfsr.sk/files/archiv/36/hodnotenie_vfm_D1_aktualizacia_visnove_20211129.pdf,analýza,2,1,štúdia uskutočniteľnosti,1.12,Doprava
"D1 Lietavská Lúčka – Dubná Skala, technológia tunela Višňové (aktualizácia pred podpisom zmluvy)",1.09,https://www.mfsr.sk/files/archiv/23/Hodnotenie-pred-podpisom-NDS-D1-Technologia-tunela-Visnove.pdf,analýza,1,0,None,None,Doprava
D1 Turany - Hubová,1.098,https://www.mfsr.sk/files/sk/financie/hodnota-za-peniaze/hodnotenia-investicnych-projektov/doprava/hodnotenie_d1_turany_hubova.pdf,analýza,1,0,None,None,Doprava
D3 Kysucké Nové Mesto - Oščadnica (III. etapa),1.087,https://www.mfsr.sk/files/archiv/30/Hodnotenie_D3_III-etapa_KNM_Oscadnica.pdf,analýza,1,0,None,None,Doprava
"D3 Oščadnica – Čadca, Bukov (II. etapa)",1.083,https://www.mfsr.sk/files/archiv/4/UHP_hodnotenie_D3-Oscadnica-Cadca-Bukov-II.pdf,analýza,1,0,None,None,Doprava
"D3 Oščadnica – Čadca, Bukov (aktualizácia)",1.099,https://www.mfsr.sk/files/sk/financie/hodnota-za-peniaze/hodnotenia-investicnych-projektov/doprava/aktualizacia-hodnotenia_d3_oscadnica_cadca-bukov.pdf,analýza,1,0,None,None,Doprava
"D3 Žilina, Brodno – Kysucké Nové Mesto (I. etapa)",1.078,https://www.mfsr.sk/files/archiv/63/Hodnotenie_D3_etapa1.pdf,analýza,1,0,None,None,Doprava
"D3 Žilina, Brodno – Čadca, Bukov (IV. etapa)",1.093,https://www.mfsr.sk/files/archiv/71/Hodnotenie-D3_4-etapa.pdf,analýza,1,0,None,None,Doprava
"D4 Bratislava, Rača – Záhorská Bystrica (tunel Karpaty)",1.081,https://www.mfsr.sk/files/archiv/17/Hodnotenie_D4_tunel-Karpaty_20230420.pdf,analýza,1,0,None,None,Doprava
"Diaľnica D1 Bratislava - Senec, 1. úsek Bratislava – Triblavina, I. a II. etapa (aktualizácia)",1.072,https://www.mfsr.sk/files/archiv/4/hodnotenie_vfm_D1_Triblavina_20221121.pdf,analýza,1,0,None,None,Doprava
"Diaľnica D1 Bratislava – Senec, 1. úsek Bratislava – Triblavina, I. a II. etapa (Výstavba križovatky D1 a D4, rozšírenie a rekonštrukcia D1)",1.04,https://www.mfsr.sk/files/archiv/38/stanovisko_vfm_rozsirenie_D1_kriz_D4_20210507.pdf,analýza,2,1,štúdia uskutočniteľnosti,1.131,Doprava
"Diaľnica D3, Žilina, Strážov – štátna hranica SR/PR",1.06,https://www.mfsr.sk/files/archiv/69/Hodnotenie_vfm_NDS_D3_20220622.pdf,analýza,1,0,None,None,Doprava
Digitalizácia a modernizácia elektronických služieb štátnych archívov v európskom kontexte,2.058,https://www.mfsr.sk/files/archiv/92/Hodnotenie_UHP_digitalizaciaarchivov_20221110.pdf,analýza,1,0,None,None,Informatizacia
Digitálna infraštruktúra škôl,2.061,https://www.mfsr.sk/files/archiv/91/Digitalna_infrastruktura_hodnotenie_UHP_20230118.pdf,analýza,1,0,None,None,Informatizacia
Digitálna infraštruktúra škôl (aktualizácia),2.092,https://www.mfsr.sk/files/sk/financie/hodnota-za-peniaze/hodnotenia-investicnych-projektov/it/digi_infra_skoly_aktualizacia_uhp.pdf,hodnotenie,1,0,None,None,Informatizacia
Digitálna infraštruktúra škôl – časť Národný centrálny uzol (NCU),2.094,https://www.mfsr.sk/files/sk/financie/hodnota-za-peniaze/hodnotenia/informatizacia/hodnotenie_narodny_centralny_uzol_msvvam.pdf,hodnotenie,1,0,None,None,Informatizacia
Digitálne vybavenie škôl,2.06,https://www.mfsr.sk/files/archiv/22/Hodnotenie_UHP_DigVybavenieSkol_20230118.pdf,analýza,1,0,None,None,Informatizacia
Digitálny ekosystém inklúzie,2.022,https://www.mfsr.sk/files/archiv/83/DEI_UHP_hodnotenie_20190220_1030.pdf,analýza,1,0,None,None,Informatizacia
Distribuovaný informačný ekosystém pre udržateľný rast a prax špecialistov informačných a komunikačných technológií (rozvoj NetAcad),2.103,https://www.mfsr.sk/files/sk/financie/hodnota-za-peniaze/hodnotenia/informatizacia/hodnotenie_netacad.pdf,hodnotenie,1,0,None,None,Informatizacia
Dopravný uzol Bratislava,1.07,https://www.mfsr.sk/files/archiv/63/Hodnotenie_uzol-BA_20221103.pdf,analýza,1,0,None,None,Doprava
Dostavba úseku D1 Lietavská Lúčka – Dubná Skala (tunel Višňové),1.016,https://www.mfsr.sk/files/archiv/65/stanovisko_visnove_mfsr_web.pdf,analýza,4,3,"Odhad nákladov na dokončenie D1 - Lietavská Lúčka ..., analýza","1.018, 1.019, 1.135",Doprava
Dynamický nákupný systém cloudových služieb,2.056,https://www.mfsr.sk/files/archiv/96/DNS_Cloud_MIRRI_SR_hodnotenie_UHP_20221005.pdf,analýza,1,0,None,None,Informatizacia
Dátová integrácia: Sprístupnenie údajovej základne VS,2.003,https://www.mfsr.sk/files/archiv/uhp/3370/76/Datova_integracia_stanovisko_UHP_20171211.pdf,analýza,1,0,None,None,Informatizacia
"Dátové centrum pre vedu, výskum a inovácie",2.091,https://www.mfsr.sk/files/sk/financie/hodnota-za-peniaze/hodnotenia-investicnych-projektov/it/datove-centrum-vedu-vyskum-inovacie_hodnotenie-uhp-2025.pdf,hodnotenie,1,0,None,None,Informatizacia
Elektrifikácia trate Bánovce nad Ondavou – Humenné (aktualizácia),1.08,https://www.mfsr.sk/files/archiv/29/Hodnotenie_ELBAHU_20230419.pdf,analýza,1,0,None,None,Doprava
Elektrifikácia trate Bánovce nad Ondavou – Humenné (aktualizácia),1.065,https://www.mfsr.sk/files/archiv/12/Hodnotenie_Elektrifikacia-BAHU_20220713.pdf,analýza,1,0,None,None,Doprava
Elektronický výber mýta,1.031,https://www.mfsr.sk/files/archiv/43/Myto_UHP_hodnotenie_200909_web.pdf,analýza,1,0,None,None,Doprava
Elektronizácia služieb regionálneho a vysokého školstva SR,2.027,https://www.mfsr.sk/files/archiv/66/MS_UHP_hodnotenie_190424.pdf,analýza,1,0,None,None,Informatizacia
FN Žilina – Výstavba nového pavilónu urgentnej medicíny,3.024,https://www.mfsr.sk/files/archiv/80/Hodnotenie_FN-Zilina.pdf,analýza,1,0,None,None,Budovy
Hodnota za peniaze projektu ESKO 2,2.11,https://www.mfsr.sk/files/archiv/uhp/3370/76/Hodnota-za-peniaze-projektu-ESKO-2_stanovisko-UHP.pdf,stanovisko,1,0,None,None,Informatizacia
Hodnota za peniaze v nákupe rýchlikových vozňov ZSSK,1.001,https://www.mfsr.sk/files/archiv/uhp/3370/76/Rychlikove-vozne-ZSSK_20170505_ed.pdf,analýza,1,0,None,None,Doprava
Hodnotenie nákupu viacúčelových taktických lietadiel,4.019,https://www.mfsr.sk/files/archiv/uhp/3370/76/Hodnotenie-nakupu-viacucelovych-taktickych-lietadiel.pdf,stanovisko,1,0,None,None,Obrana
Hospodárstvo: Priemyselný park Valaliky,5.004,https://www.mfsr.sk/files/archiv/24/Hodnotenie_Valaliky_211008.pdf,analýza,1,0,None,None,Ostatne
Hospodárstvo: Rozvoj strategického územia Valaliky (aktualizácia),5.007,https://www.mfsr.sk/files/archiv/16/Hodnotenie_Rozvoj-strategickeho-uzemia-Valaliky_20230130.pdf,analýza,2,1,štúdia uskutočniteľnosti,5.022,Ostatne
Hospodárstvo: ŠURANY INDUSTRIAL PARK,5.01,https://www.mfsr.sk/files/archiv/10/Hodnotenie_PP-Surany_20240528.pdf,analýza,1,0,None,None,Ostatne
"I/15 Stropkov, preložka cesty (aktualizácia)",1.107,https://www.mfsr.sk/files/sk/financie/hodnota-za-peniaze/hodnotenia-investicnych-projektov/doprava/aktualizacia-hodnotenia_i15-stropkov-prelozka.pdf,hodnotenie,1,0,None,None,Doprava
I/15 Vranov nad Topľou - Stročín,1.053,https://www.mfsr.sk/files/archiv/48/hodnotenie_vfm_I15_Strocin_Vranov_20220218.pdf,analýza,1,0,None,None,Doprava
"I/51, I/61 Hranica SR/ČR – Holíč – Senica – Trnava – Hrnčiarovce nad Parnou",1.052,https://www.mfsr.sk/files/archiv/10/hodnotenie_SSC_I51_CZ_TT_20220217.pdf,analýza,1,0,None,None,Doprava
"I/51, I/76 Nitra – Kalná nad Hronom – Levice (Šarovce)",1.048,https://www.mfsr.sk/files/archiv/54/hodnotenie_vfm_I51_I76_20211118_clean.pdf,analýza,2,1,Dátová príloha: Úpravy v CBA pre obchvat Veľkého L...,1.047,Doprava
"I/61 Trenčín, preložka (aktualizácia)",1.088,https://www.mfsr.sk/files/archiv/78/Hodnotenie_UHP_Trencin_prelozka.pdf,analýza,1,0,None,None,Doprava
I/64 Žilina – Topoľčany,1.034,https://www.mfsr.sk/files/archiv/34/stanovisko_vfm_I64_20201118.pdf,analýza,1,0,None,None,Doprava
I/68 Sabinov preložka cesty (aktualizácia),1.092,https://www.mfsr.sk/files/archiv/39/Hodnotenie-pred-podpisom-I68-Sabinov-prelozka-cesty.pdf,analýza,1,0,None,None,Doprava
IT platforma lepšej regulácie podľa stratégie RIA 2020,2.006,https://www.mfsr.sk/files/archiv/uhp/3370/76/RIA_stanovisko_UHP_2018-04-18.pdf,analýza,1,0,None,None,Informatizacia
IT platforma lepšej regulácie podľa stratégie RIA 2020 - 2. fáza,2.028,https://www.mfsr.sk/files/archiv/10/RIA_hodnotenie_UHP_2019-04-24_bez_TC.pdf,analýza,1,0,None,None,Informatizacia
"IT projekty Ministerstva vnútra SR (Centrálne komponenty verejnej správy, Riadenie procesov a dát pre OÚ, PZ a HaZZ, Digitálne pracovné prostredie zamestnanca MV SR)",2.012,https://www.mfsr.sk/files/archiv/uhp/3370/76/Stanovisko_MVSR_projekty.pdf,analýza,1,0,None,None,Informatizacia
"Implementácia GSM-R do siete ŽSR, úsek Varín – Košice – Čierna nad Tisou",1.058,https://www.mfsr.sk/files/archiv/20/Hodnotenie-ZSR-GSM-R-Varin-KE-CnT_20220518.pdf,analýza,1,0,None,None,Doprava
Implementácia GSM-R na trati Varín – Košice – Čierna nad Tisou (aktualizácia),1.076,https://www.mfsr.sk/files/archiv/19/Hodnotenie_GSM-R_Varin-KE-CnT_20230301.pdf,analýza,2,1,štúdia uskutočniteľnosti,1.145,Doprava
Implementácia TSI TAF/TAP na ŽSR,1.008,https://www.mfsr.sk/files/archiv/27/Stanovisko_TSI_20181207_MIN.pdf,stanovisko,1,0,None,None,Doprava
Informačný monitorovací systém pre programové obdobie na roky 2021-2027 (ITMS21+),2.057,https://www.mfsr.sk/files/archiv/59/Hodnotenie_UHP_ITMS21_20221026.pdf,analýza,1,0,None,None,Informatizacia
Informačný monitorovací systém pre programové obdobie na roky 2021-2027 (ITMS21+) - aktualizácia,2.067,https://www.mfsr.sk/files/archiv/31/Hodnotenie_UHP_ITMS21_akt.pdf,analýza,1,0,None,None,Informatizacia
Informačný systém FARMÁR,2.085,https://www.mfsr.sk/files/sk/financie/hodnota-za-peniaze/hodnotenia-investicnych-projektov/it/is-farmar_hodnotenie_uhp.pdf,hodnotenie,1,0,None,None,Informatizacia
Informačný systém FARMÁR (aktualizácia),2.102,https://www.mfsr.sk/files/sk/financie/hodnota-za-peniaze/hodnotenia/informatizacia/is_farmar_aktualizacia-hodnotenia.pdf,hodnotenie,1,0,None,None,Informatizacia
Informačný systém elektronickej fakturácie,2.016,https://www.mfsr.sk/files/archiv/uhp/3370/76/efaktura_UHP_hodnotenie_20181009_titulka.pdf,analýza,1,0,None,None,Informatizacia
Informačný systém komplexného vybavenia cestujúcich,2.04,https://www.mfsr.sk/files/archiv/37/KVC_UHP_hodnotenie_20190812_2.pdf,analýza,1,0,None,None,Informatizacia
Informačný systém výstavby,2.005,https://www.mfsr.sk/files/archiv/uhp/3370/76/ISV_stanovisko_UHP_20180228.pdf,analýza,1,0,None,None,Informatizacia
Informačný systém  Obchodného registra SR,2.002,https://www.mfsr.sk/files/archiv/uhp/3370/76/stanovisko_ORSR_UHP_170512.pdf,analýza,1,0,None,None,Informatizacia
Infraštruktúra pre elektronickú fakturáciu,2.104,https://www.mfsr.sk/files/sk/financie/hodnota-za-peniaze/hodnotenia/informatizacia/hodnotenie_iinfrastruktura-efaktura.pdf,hodnotenie,2,1,štúdia uskutočniteľnosti,2.111,Informatizacia
Inklúzia prostredníctvom komplexného elektronického riešenia problematiky parkovania osôb s ťažkým zdravotným postihnutím,2.013,https://www.mfsr.sk/files/archiv/uhp/3370/76/einkluzia_UHP_hodnotenie_20181010.pdf,analýza,1,0,None,None,Informatizacia
Integrovaný informačný systém Úradu verejného zdravotníctva,2.015,https://www.mfsr.sk/files/archiv/uhp/3370/76/IS_UVZ_UHP_hodnotenie_20181010.pdf,analýza,1,0,None,None,Informatizacia
Jednotný informačný systém štatistických údajov,2.03,https://www.mfsr.sk/files/archiv/34/JISSU_UHP_hodnotenie_20190611.pdf,analýza,1,0,None,None,Informatizacia
Jednotný prístup k priestorovým údajom a službám,2.014,https://www.mfsr.sk/files/archiv/uhp/3370/76/JPPUS_UHP_hodnotenie_20181010_final.pdf,analýza,1,0,None,None,Informatizacia
Komplexná rekonštrukcia historickej budovy Slovenského národného divadla,3.009,https://www.mfsr.sk/files/archiv/91/Hodnotenie_SND_FINAL.pdf,analýza,2,1,štúdia uskutočniteľnosti,3.037,Budovy
Komplexná služba spoplatnenia cestnej infraštruktúry,1.022,https://www.mfsr.sk/files/archiv/7/Myto_UHP_hodnotenie_20200419_web.pdf,analýza,2,1,Dodatočné poklady od Národnej diaľničnej spoločnos...,1.14,Doprava
Komplexné riešenie výrobných liniek dokladov občanov a cudzincov,2.072,https://www.mfsr.sk/files/sk/financie/hodnota-za-peniaze/hodnotenia-investicnych-projektov/it/nova_lokalita_npc_hodnotenie_uhp.pdf,hodnotenie,1,0,None,None,Informatizacia
Koncepcia rozvoja Fakultnej nemocnice s poliklinikou F. D. Roosevelta Banská Bystrica (aktualizácia),3.028,https://www.mfsr.sk/files/sk/financie/hodnota-za-peniaze/hodnotenia-investicnych-projektov/budovy/aktualizacia_fnsp-bb.pdf,hodnotenie,2,0,None,None,Budovy
Koncepcia rozvoja Univerzitnej nemocnice L. Pasteura Košice,3.017,https://www.mfsr.sk/files/archiv/51/UNLP-KE-hodnotenie_20230419_f.pdf,analýza,1,0,None,None,Budovy
Koncepčná štúdia severojužného cestného prepojenia v oblasti stredného Slovenska,1.094,https://www.mfsr.sk/files/archiv/52/Hodnotenie_severojuzne_R1R3.pdf,analýza,1,0,None,None,Doprava
"Koncepčný plán obnovy osobných automobilov do 3,5 t Ministerstva obrany Slovenskej republiky na roky 2024 - 2027",5.013,https://www.mfsr.sk/files/sk/financie/hodnota-za-peniaze/hodnotenia-investicnych-projektov/ostatne/koncepcny-plan-obnovy-osobnych-automobilov-mo-sr-final1.pdf,hodnotenie,1,0,None,None,Ostatne
Konsolidovaná analytická vrstva,2.031,https://www.mfsr.sk/files/archiv/25/KAV_UHP_hodnotenie_190611.pdf,analýza,1,0,None,None,Informatizacia
Koridor D1 Bidovce – štátna hranica SK/UA,1.105,https://www.mfsr.sk/files/sk/financie/hodnota-za-peniaze/hodnotenia-investicnych-projektov/doprava/hodnotenie_d1-bidovce-statna-hranica-sk_ua.pdf,hodnotenie,1,0,None,None,Doprava
Kybernetická bezpečnosť v samospráve do 6 000 obyvateľov,2.097,https://www.mfsr.sk/files/sk/financie/hodnota-za-peniaze/hodnotenia/informatizacia/hodnotenie_kyberneticka-bezpecnost-samosprave-do-6-000-obyvatelov.pdf,hodnotenie,1,0,None,None,Informatizacia
Migrácia IS obcí do vládneho cloudu - Plošné rozšírenie IS DCOM - 2. etapa (DCOM+),2.004,https://www.mfsr.sk/files/archiv/uhp/3370/76/Stanovisko_DCOM_UHP_20171211.pdf,analýza,1,0,None,None,Informatizacia
Modernizácia Platformy pre rozvoj a riešenie prioritných životných situácií,2.099,https://www.mfsr.sk/files/sk/financie/hodnota-za-peniaze/hodnotenia/informatizacia/slovensko-sk-3-0_hodnotenie_uhp_03072025.pdf,hodnotenie,1,0,None,None,Informatizacia
"Modernizácia cesty I/18 a I/74, Lipníky - Ubľa",1.007,https://www.mfsr.sk/files/archiv/uhp/3370/76/stanovisko_I18_I74_vfm_final.pdf,stanovisko,1,0,None,None,Doprava
"Modernizácia cesty I/68 Mníšek nad Popradom – Prešov, úsek Sabinov – obchvat",1.05,https://www.mfsr.sk/files/archiv/95/doprava_vfm_hodnotenie_20220110.pdf,analýza,1,0,None,None,Doprava
"Modernizácia cesty I/68, Mníšek nad Popradom – Prešov",1.013,https://www.mfsr.sk/files/archiv/52/stanovisko_I68_vfm_20190606.pdf,analýza,1,0,None,None,Doprava
Modernizácia cesty I/75 Galanta – Nové Zámky,1.01,https://www.mfsr.sk/files/archiv/82/I-75Galanta-NoveZamky.pdf,analýza,1,0,None,None,Doprava
"Modernizácia cesty I/75 Galanta – Nové Zámky, úsek Šaľa - obchvat",1.054,https://www.mfsr.sk/files/archiv/28/hodnotenie_vfm_I75_Sala_20220412.pdf,analýza,1,0,None,None,Doprava
"Modernizácia cesty I/75 Galanta – Nové Zámky, úsek Šaľa – obchvat (aktualizácia č. 2)",1.061,https://www.mfsr.sk/files/archiv/24/Hodnotenie_vfm_SSC_I75_Sala_20220622.pdf,analýza,1,0,None,None,Doprava
"Modernizácia ciest I/66, I/67 a I/77 Rožňava - Bardejovské kúpele",1.027,https://www.mfsr.sk/files/archiv/76/stanovisko_vfm_I66-67-77_mfsr_web.pdf,analýza,5,4,analýza,"1.023, 1.024, 1.025, 1.026",Doprava
Modernizácia dávkových agend Sociálnej poisťovne,2.026,https://www.mfsr.sk/files/archiv/9/MODA_UHP_hodnotenie_20190423.pdf,analýza,1,0,None,None,Informatizacia
Modernizácia elektronickej komunikačnej siete ŽSR,1.012,https://www.mfsr.sk/files/archiv/67/Telematika_UHP_hodnotenie_20190514_stretnutie.pdf,analýza,1,0,None,None,Doprava
Modernizácia infraštruktúry pre kľúčové interné systémy MV SR – Etapa 2,2.077,https://www.mfsr.sk/files/archiv/19/Hodnotenie_UHP_DC_MV_20240823.pdf,hodnotenie,1,0,None,None,Informatizacia
Modernizácia ležadlových vozňov pre nočnú dopravu,1.114,https://www.mfsr.sk/files/sk/financie/hodnota-za-peniaze/hodnotenia/doprava/hodnotenie-zssk-lezadlove-vozne_20250828.pdf,hodnotenie,1,0,None,None,Doprava
Modernizácia vozového parku ZSSK - časť 6 - aktualizácia hodnotenia,1.049,https://www.mfsr.sk/files/archiv/22/Hodnotenie_ZSSK_9-DMJ-aktualizacia_20211130.pdf,analýza,1,0,None,None,Doprava
Modernizácia vozového parku ZSSK časti 6 a 7,1.036,https://www.mfsr.sk/files/archiv/90/Hodnotenie_modernizaciavoz.parkuZSSKc.6a7_20201223.pdf,analýza,1,0,None,None,Doprava
Modernizácia vozového parku ŽKV v rámci OPII - 3. časť,1.028,https://www.mfsr.sk/files/archiv/80/Stanovisko_modernizacia_voz_parku_ZSSK_200902.pdf,analýza,3,2,"analýza, štúdia uskutočniteľnosti","1.029, 1.03",Doprava
Modernizácia železničnej trate Devínska Nová Ves - štátna hranica,1.068,https://www.mfsr.sk/files/archiv/82/Hodnotenie-UHP_DNV_Marchegg_20220916.pdf,analýza,1,0,None,None,Doprava
Modernizácia železničnej trate Hronský Beňadik – Nová Baňa,1.069,https://www.mfsr.sk/files/archiv/35/Hodnotenie_Hronsky-Benadik_Nova-Bana-20220922.pdf,analýza,2,1,štúdia uskutočniteľnosti,1.123,Doprava
Modernizácia železničnej trate Hronský Beňadik – Nová Baňa (aktualizácia),1.082,https://www.mfsr.sk/files/archiv/18/Rekonstrukcia-Hronsky-Benadik-Nova-Bana_aktualizacia-pred-VO.pdf,analýza,2,1,štúdia uskutočniteľnosti,1.139,Doprava
Modernizácia železničnej trate Krásno nad Kysucou – štátna hranica SR/ČR (aktualizácia),1.059,https://www.mfsr.sk/files/archiv/95/Hodnotenie-ZSR_KnK_Cadca_20220518.pdf,analýza,2,1,štúdia uskutočniteľnosti,1.137,Doprava
Modernizácia železničnej trate Poprad – Markušovce,1.066,https://www.mfsr.sk/files/archiv/88/Hodnotenie_Poprad_Markusovce_20220719.pdf,analýza,1,0,None,None,Doprava
Modernizácia železničnej trate Poprad – Vydrník (aktualizácia),1.086,https://www.mfsr.sk/files/archiv/40/Hodnotenie_UHP_Poprad-Tatry-Vydrnik.pdf,analýza,1,0,None,None,Doprava
Modernizácia železničného koridoru Žilina – Košice – Čierna nad Tisou,1.063,https://www.mfsr.sk/files/archiv/33/ZilinaKosiceCnT_20220706.pdf,analýza,2,1,Otázky a odpovede,1.117,Doprava
Nová univerzitná nemocnica v Bratislave,3.002,https://www.mfsr.sk/files/archiv/uhp/3370/76/stanovisko_UNB_170403_2.pdf,analýza,2,1,Grafy a tabuľky,3.001,Budovy
Nákup 18 ks lôžkových vozňov,1.085,https://www.mfsr.sk/files/archiv/44/Hodnotenie-ZSSK-lozkove-vozne_UHP.pdf,analýza,2,1,štúdia uskutočniteľnosti,1.133,Doprava
Nákup 25 rušňov a 10 ucelených súprav do diaľkovej dopravy,1.1,https://www.mfsr.sk/files/sk/financie/hodnota-za-peniaze/hodnotenia-investicnych-projektov/doprava/hodnotenie-zssk-vozidla-dialkovu-dopravu.pdf,hodnotenie,3,2,"analýza, štúdia uskutočniteľnosti","1.121, 1.124",Doprava
Nákup 26 ks dieselových motorových jednotiek pre osobnú dopravu,1.075,https://www.mfsr.sk/files/archiv/16/Hodnotenie-ZSSK-26-DMJ_20230224.pdf,analýza,1,0,None,None,Doprava
Nákup 4 elektrických jednotiek pre linku Bratislava – Žilina,1.108,https://www.mfsr.sk/files/sk/financie/hodnota-za-peniaze/hodnotenia-investicnych-projektov/doprava/hodnotenie-zssk-4-ej-560.pdf,hodnotenie,2,1,štúdia uskutočniteľnosti,1.122,Doprava
Nákup 5 ks ekologických koľajových vozidiel pre osobnú dopravu,1.073,https://www.mfsr.sk/files/archiv/75/Hodnotenie-ZSSK-5-EJ_20221207.pdf,analýza,1,0,None,None,Doprava
Nákup 6 ks ekologických koľajových vozidiel pre osobnú dopravu,1.095,https://www.mfsr.sk/files/sk/financie/hodnota-za-peniaze/hodnotenia-investicnych-projektov/doprava/hodnotenie-zssk-6-ej_20240229.pdf,analýza,1,0,None,None,Doprava
Nákup bojových obrnených vozidiel 8x8 a 4x4,4.001,https://www.mfsr.sk/files/archiv/uhp/3370/76/Hodnotenie_bov-4x4-8x8_uhp.pdf,analýza,1,0,None,None,Obrana
Nákup diagnostických vozidiel ŽSR,1.136,https://www.mfsr.sk/files/archiv/uhp/3370/76/Nakup-diagnostickych-vozidiel-ZSR.pdf,stanovisko,1,0,None,None,Doprava
Nákup elektrických jednotiek do diaľkovej dopravy (aktualizácia),1.11,https://www.mfsr.sk/files/sk/financie/hodnota-za-peniaze/hodnotenia-investicnych-projektov/doprava/aktualizacia_hodnotenia_zssk_dialkove_supravy.pdf,hodnotenie,2,1,Aktualizovaná štúdia od investora,1.148,Doprava
Nákup elektrických jednotiek pre linku Bratislava - Žilina (aktualizácia),1.113,https://www.mfsr.sk/files/sk/financie/hodnota-za-peniaze/hodnotenia/doprava/aktualizacia-hodnotenia-zssk-4-ej-560_20250605.pdf,hodnotenie,2,1,Aktualizovaná štúdia,1.118,Doprava
Nákup hasičských automobilov s plošinami,5.011,https://www.mfsr.sk/files/sk/financie/hodnota-za-peniaze/hodnotenia-investicnych-projektov/ostatne/nakup-hasicskych-automobilov-plosinami_hodnotenie-uhp.pdf,hodnotenie,2,1,štúdia uskutočniteľnosti,5.02,Ostatne
"Nákup licencií pre operačný systém, kancelársky balík a prístup používateľov na server",2.045,https://www.mfsr.sk/files/archiv/36/microsoft_hodnotenie_UHP_20210511.pdf,analýza,1,0,None,None,Informatizacia
"Nákup licencií pre operačný systém, kancelársky balík a prístup používateľov na server – MO SR",2.05,https://www.mfsr.sk/files/archiv/61/microsoft_MOSR_hodnotenie_UHP_20210922_1300.pdf,analýza,4,3,"Doplnenie štúdie uskutočniteľnosti, analýza, štúdia uskutočniteľnosti","2.047, 2.048, 2.049",Informatizacia
"Nákup licencií pre operačný systém, kancelársky balík a prístup používateľov na server – MV SR",2.051,https://www.mfsr.sk/files/archiv/94/microsoft_MVSR_hodnotenie_UHP_20211005.pdf,analýza,1,0,None,None,Informatizacia
Nákup lôžkových vozňov (aktualizácia),1.109,https://www.mfsr.sk/files/sk/financie/hodnota-za-peniaze/hodnotenia-investicnych-projektov/doprava/aktualizacia-hodnotenia-zssk-lozkove-vozne_20250303.pdf,hodnotenie,2,1,štúdia uskutočniteľnosti,1.138,Doprava
Národné kultúrne a kongresové centrum,5.005,https://www.mfsr.sk/files/archiv/29/Hodnotenie_NKKC_211214.pdf,analýza,1,0,None,None,Ostatne
Národný cestovný lístok (aktualizácia),2.089,https://www.mfsr.sk/files/sk/financie/hodnota-za-peniaze/hodnotenia-investicnych-projektov/it/narodny_cestovny_listok_hodnotenie_uhp.pdf,hodnotenie,1,0,None,None,Informatizacia
Národný integrovaný cestovný lístok,2.073,https://www.mfsr.sk/files/sk/financie/hodnota-za-peniaze/hodnotenia-investicnych-projektov/it/narodny_cestovny_listok_hodnotenie_uhp_final.pdf,hodnotenie,1,0,None,None,Informatizacia
Národný integrovaný cestovný lístok (aktualizácia),2.098,https://www.mfsr.sk/files/archiv/28/Aktualizacia-hodnotenia_NICL.pdf,hodnotenie,1,0,None,None,Informatizacia
Národný plán širokopásmového pripojenia,2.065,https://www.mfsr.sk/files/archiv/37/Hodnotenie_UHP_UFB.pdf,analýza,1,0,None,None,Informatizacia
Národný ústav detských chorôb - koncepcia rozvoja na najbližších 15 rokov,3.013,https://www.mfsr.sk/files/archiv/78/Hodnotenie_NUDCH_20230203.pdf,analýza,1,0,None,None,Budovy
Obmena hasičských cisternových striekačiek CAS 30,5.015,https://www.mfsr.sk/files/sk/financie/hodnota-za-peniaze/hodnotenia/ostatne/hodnotenie_hasicskych_striekaciek.pdf,hodnotenie,2,1,štúdia uskutočniteľnosti,5.018,Ostatne
"Obmena rádiolokačnej techniky VzS OS SR (stredný, malý a blízky dosah)",4.003,https://www.mfsr.sk/files/archiv/15/Aktualizaciahodnotenia3DRadary_20210324.pdf,aktualizácia,2,1,analýza,4.002,Obrana
Obnova HW vybavenia obcí zapojených do IS DCOM (ako súčasť projektu DCOM+),2.052,https://www.mfsr.sk/files/archiv/76/Hodnotenie_UHP_ObnovaHW_20220916.pdf,analýza,1,0,None,None,Informatizacia
Obnova HW vybavenia obcí zapojených do IS DCOM (ako súčasť projektu DCOM+) – aktualizácia,2.064,https://www.mfsr.sk/files/archiv/14/Hodnotenie_UHP_DeusHWAktualizacia_20230301.pdf,analýza,1,0,None,None,Informatizacia
Obnova areálu Rastislavova UNLP,3.019,https://www.mfsr.sk/files/sk/financie/hodnota-za-peniaze/hodnotenie-investicnych-projektov/unlp_rastislavova_hodnotenie_uhp.pdf,analýza,1,0,None,None,Budovy
Obnova a rozvoj Kúpeľov Sliač,3.015,https://www.mfsr.sk/files/archiv/55/Hodnotenie_Kupele_Sliac_UHP.pdf,analýza,2,1,štúdia uskutočniteľnosti,3.036,Budovy
Obnova desktopových licencií pre MPSVaR SR,2.084,https://www.mfsr.sk/files/sk/financie/hodnota-za-peniaze/hodnotenia-investicnych-projektov/it/hodnotenie_msft_mpsvar.pdf,hodnotenie,1,0,None,None,Informatizacia
Obnova desktopových licencií pre kapitolu Ministerstva financií Slovenskej republiky,2.078,https://www.mfsr.sk/files/sk/financie/hodnota-za-peniaze/hodnotenia-investicnych-projektov/it/hodnotenie_uhp_mf_licencie.pdf,hodnotenie,1,0,None,None,Informatizacia
Obnova desktopových licencií pre kapitolu Ministerstva vnútra Slovenskej republiky,2.079,https://www.mfsr.sk/files/sk/financie/hodnota-za-peniaze/hodnotenia-investicnych-projektov/it/hodnotenie_uhp_mv_msft.pdf,hodnotenie,1,0,None,None,Informatizacia
Obnova sieťovej infraštruktúry v pôsobnosti Ministerstva spravodlivosti SR,2.09,https://www.mfsr.sk/files/sk/financie/hodnota-za-peniaze/hodnotenia-investicnych-projektov/it/sietova_infra_hodnotenie_uhp.pdf,hodnotenie,1,0,None,None,Informatizacia
Obstaranie Bojových obrnených vozidiel 8x8,4.005,https://www.mfsr.sk/files/archiv/2/Hodnotenie_BOV8x8_20210908.pdf,analýza,1,0,None,None,Obrana
Obstaranie Bojových obrnených vozidiel 8x8 (aktualizácia),4.007,https://www.mfsr.sk/files/archiv/77/Hodnotenie_BOV8x8_20220330.pdf,analýza,2,1,štúdia uskutočniteľnosti,4.017,Obrana
Obstaranie Pásových bojových obrnených vozidiel a Pásových obrnených vozidiel,4.008,https://www.mfsr.sk/files/archiv/56/Hodnotenie_PBOV_a_POV_20220628.pdf,analýza,2,1,štúdia uskutočniteľnosti,4.02,Obrana
Obstaranie Pásových bojových obrnených vozidiel a Pásových obrnených vozidiel (aktualizácia),4.01,https://www.mfsr.sk/files/archiv/86/MO_Aktualizacia_PBOV_20221212.pdf,analýza,1,0,None,None,Obrana
Obstaranie Pásových bojových obrnených vozidiel a Pásových obrnených vozidiel (projektový zámer),4.006,https://www.mfsr.sk/files/archiv/65/Hodnotenie_PBOV_20210908.pdf,analýza,1,0,None,None,Obrana
Obstaranie batériových elektrických jednotiek pre regionálnu dopravu,1.111,https://www.mfsr.sk/files/sk/financie/hodnota-za-peniaze/hodnotenia-investicnych-projektov/doprava/hodnotenie_hybridne-vozidla.pdf,hodnotenie,2,1,štúdia uskutočniteľnosti,1.132,Doprava
"Obstaranie útočnej pušky 5,56 mm s príslušenstvom",4.014,https://www.mfsr.sk/files/archiv/48/UHP_Hodnotenie_Utocne-pusky.pdf,hodnotenie,2,1,štúdia uskutočniteľnosti,4.018,Obrana
Obstarávanie stavby na leteckej základni Sliač,4.012,https://www.mfsr.sk/files/archiv/51/LZ-Sliac_hodnotenie_UHP.pdf,analýza,2,1,štúdia uskutočniteľnosti,4.021,Obrana
Online procesy eZdravia,2.018,https://www.mfsr.sk/files/archiv/17/OPE_UHP_hodnotenie_20181206.pdf,analýza,1,0,None,None,Informatizacia
Optimalizácia priestorového zabezpečenia v rezorte zdravotníctva,3.034,https://www.mfsr.sk/files/archiv/83/Hodnotenie_Najom_MZSR_20250702.pdf,hodnotenie,1,0,None,None,Budovy
Optimalizácia procesov riadenia a prevádzky Zboru väzenskej a justičnej stráže,2.017,https://www.mfsr.sk/files/archiv/71/ZVJS_UHP_hodnotenie_181210.pdf,analýza,1,0,None,None,Informatizacia
Optimalizácia procesov riadenia a prevádzky Zboru väzenskej a justičnej stráže (aktualizácia),2.062,https://www.mfsr.sk/files/archiv/47/Hodnotenie_UHP_ZVJSaktualizacia_20230209.pdf,analýza,1,0,None,None,Informatizacia
Pamiatkový informačný systém,2.023,https://www.mfsr.sk/files/archiv/4/PAMIS_UHP_hodnotenie_20190220.pdf,analýza,1,0,None,None,Informatizacia
Plán rozvoja Leteckého útvaru MV SR pre oblasť vrtuľníkovej techniky,5.014,https://www.mfsr.sk/files/sk/financie/hodnota-za-peniaze/hodnotenia/ostatne/hodnotenie_plan-rozvoja-leteckeho-utvaru-mvsr-vyhladom-do-roku-2031-oblast-vrtulnikove.pdf,hodnotenie,2,1,štúdia uskutočniteľnosti,5.016,Ostatne
"Pokračovanie obstarávania licencií pre operačný systém, kancelársky balík a prístup používateľov na server na ďalšie obdobie",2.074,https://www.mfsr.sk/files/sk/financie/hodnota-za-peniaze/hodnotenia-investicnych-projektov/it/dns_microsoft_hodnotenie_uhp.pdf,hodnotenie,2,1,štúdia uskutočniteľnosti,2.106,Informatizacia
"Posilnenie prevencie, zvýšenie rýchlosti detekcie a riešenia incidentov (akt.)",2.07,https://www.mfsr.sk/files/sk/financie/hodnota-za-peniaze/hodnotenia-investicnych-projektov/it/hodnotenie_uhp_ewsaktualizacia.pdf,analýza,1,0,None,None,Informatizacia
"Posilnenie preventívnych opatrení, zvýšenie rýchlosti detekcie a riešenia incidentov",2.068,https://www.mfsr.sk/files/sk/financie/hodnota-za-peniaze/hodnotenia-investicnych-projektov/it/hodnotenie_uhp_ews.pdf,analýza,1,0,None,None,Informatizacia
Poskytovanie mýtnych služieb – opakovanie verejného obstarávania,1.064,https://www.mfsr.sk/files/archiv/84/hodnotenie_mytnesluzby_07072022.pdf,analýza,1,0,None,None,Doprava
Preložka cesty I/61 v Trenčíne,1.074,https://www.mfsr.sk/files/archiv/40/SSC_prelozka_I61_Trencin_20230210.pdf,analýza,1,0,None,None,Doprava
Prenájom elektrických rušňov do diaľkovej dopravy (aktualizácia),1.104,https://www.mfsr.sk/files/sk/financie/hodnota-za-peniaze/hodnotenia-investicnych-projektov/doprava/hodnotenie-zssk-prenajom-rusnov_aktualizacia.pdf,hodnotenie,2,1,Aktualizovaná štúdia,1.128,Doprava
"Prenájom priestorov pre Ministerstvo školstva, výskumu, vývoja a mládeže SR",3.026,https://www.mfsr.sk/files/sk/financie/hodnota-za-peniaze/hodnotenia-investicnych-projektov/budovy/hodnotenie_prenajom-priestorov-msvvam.pdf,analýza,1,0,None,None,Budovy
Prevádzka služby eKolok na obdobie 10 rokov,2.069,https://www.mfsr.sk/files/archiv/88/eKolok_MF_SR_hodnotenie_UHP.pdf,analýza,1,0,None,None,Informatizacia
R1 Banská Bystrica – Slovenská Ľupča (aktualizácia),1.077,https://www.mfsr.sk/files/archiv/52/R1-BB-Slovenska-Lupca_Aktualizacia_20230302.pdf,analýza,1,0,None,None,Doprava
R1 Banská Bystrica – Slovenská Ľupča (aktualizácia pred podpisom zmluvy),1.089,https://www.mfsr.sk/files/archiv/61/Hodnotenie_BB_SL_R1_akt_pred-podpisom.pdf,analýza,1,0,None,None,Doprava
"R2 Mýtna - Lovinobaňa, Tomášovce",1.006,https://www.mfsr.sk/files/archiv/uhp/3370/76/r2_mytna_vfm_20180216.pdf,analýza,1,0,None,None,Doprava
R2 Zvolen západ – Zvolen východ,1.062,https://www.mfsr.sk/files/archiv/47/Hodnotenie_NDS_R2_Zvolen_20220622.pdf,analýza,1,0,None,None,Doprava
R2 Šaca – Košické Oľšany - II. etapa (Košice-Juh – Košické Oľšany),1.044,https://www.mfsr.sk/files/archiv/85/kosice_obchvat_vfm_20210914_final.pdf,analýza,2,1,štúdia uskutočniteľnosti,1.129,Doprava
R3 Tvrdošín – Nižná nad Oravou,1.002,https://www.mfsr.sk/files/archiv/uhp/3370/76/r3_tvrdosin_nizna_vfm_170620_clean.pdf,analýza,3,2,"Grafy a tabuľky, analýza","1.003, 1.004",Doprava
R3 Tvrdošín – Nižná nad Oravou - dodatok k hodnoteniu z júna 2017),1.039,https://www.mfsr.sk/files/archiv/29/r3_tvrdosin_nizna_vfm_poVO_20210324.pdf,analýza,3,2,"Aktualizovaná časť štúdie uskutočniteľnosti, štúdia uskutočniteľnosti","1.038, 1.146",Doprava
R4 štátna hranica PL/SK – Kapušany,1.106,https://www.mfsr.sk/files/sk/financie/hodnota-za-peniaze/hodnotenia-investicnych-projektov/doprava/hodnotenie-r4_uhp.pdf,hodnotenie,2,1,štúdia uskutočniteľnosti,1.141,Doprava
"R4, Severný obchvat Prešova",1.005,https://www.mfsr.sk/files/archiv/uhp/3370/76/R4_Presov_VfM_stanovisko_20171220.pdf,analýza,1,0,None,None,Doprava
Reforma súdnej mapy v Bratislave,3.012,https://www.mfsr.sk/files/archiv/95/Hodnotenie_Reforma_sudnej_mapy_BA20230118PDF.pdf,analýza,1,0,None,None,Budovy
Reforma súdnej mapy v Bratislave (aktualizácia pred podpisom zmluvy),3.032,https://www.mfsr.sk/files/sk/financie/hodnota-za-peniaze/hodnotenia-investicnych-projektov/budovy/aktualizacia_pred_podpisom_mss_bratislava.pdf,hodnotenie,1,0,None,None,Budovy
Reforma súdnej mapy v Bratislave (aktualizácia),3.03,https://www.mfsr.sk/files/sk/financie/hodnota-za-peniaze/hodnotenia-investicnych-projektov/budovy/aktualizacia_mestsky-sud-ba-iii-iv.pdf,hodnotenie,1,0,None,None,Budovy
Rekonštrukcia Fakultnej nemocnice s poliklinikou v Banskej Bystrici,3.003,https://www.mfsr.sk/files/archiv/13/stanovisko_fnsbb_20190128_publish.pdf,analýza,1,0,None,None,Budovy
Rekonštrukcia Nemocnice Poprad,3.016,https://www.mfsr.sk/files/archiv/34/Nemocnica-Poprad_hodnotenie.pdf,analýza,1,0,None,None,Budovy
Rekonštrukcia Nemocnice Poprad (aktualizácia pred podpisom zmluvy),3.025,https://www.mfsr.sk/files/sk/financie/hodnota-za-peniaze/hodnotenia-investicnych-projektov/budovy/nemocnica_poprad_hodnotenie-uhp_aktualizacia-pred-podpisom.pdf,analýza,1,0,None,None,Budovy
Rekonštrukcia Nemocnice Poprad (aktualizácia),3.018,https://www.mfsr.sk/files/archiv/65/Aktualizacia_Nemocnica-Poprad.pdf,analýza,1,0,None,None,Budovy
"Rekonštrukcia a dobudovanie fakúlt STU a UK - Advancing University Capacity and Competence in Research, Development and Innovation (ACCORD)",3.004,https://www.mfsr.sk/files/archiv/9/ACCORD_hodnotenie_190910.pdf,analýza,1,0,None,None,Budovy
Rekonštrukcia internátu Hviezda,3.031,https://www.mfsr.sk/files/sk/financie/hodnota-za-peniaze/hodnotenia-investicnych-projektov/budovy/hodnotenie_rekonstrukcia_internatu_hviezda.pdf,hodnotenie,2,1,štúdia uskutočniteľnosti,3.041,Budovy
Rekonštrukcia internátu Hviezda (aktualizácia pred podpisom zmluvy),3.033,https://www.mfsr.sk/files/sk/financie/hodnota-za-peniaze/hodnotenia/budovy/hodnotenie_hviezda_aktualizacia_pred_podpisom.pdf,hodnotenie,2,1,štúdia uskutočniteľnosti,3.042,Budovy
Rekonštrukcia kaštieľa v Rusovciach (aktualizácia pred podpisom zmluvy),3.029,https://www.mfsr.sk/files/sk/financie/hodnota-za-peniaze/hodnotenia-investicnych-projektov/budovy/hodnotenie_rusovce_aktualizacia_pred_podpisom.pdf,hodnotenie,1,0,None,None,Budovy
Rekonštrukcia leteckej základne Sliač (aktualizácia pred podpisom zmluvy),4.016,https://www.mfsr.sk/files/archiv/28/mo_sliac_aktualizacia_zmluva_20250123.pdf,hodnotenie,2,1,štúdia uskutočniteľnosti,4.025,Obrana
Rekonštrukcia leteckej základne Sliač (aktualizácia),4.015,https://www.mfsr.sk/files/archiv/28/MO_Sliac_aktualizacia_20241004.pdf,hodnotenie,2,1,štúdia uskutočniteľnosti,4.027,Obrana
Rekonštrukcia železničnej trate Veľký Horeš – Streda nad Bodrogom (aktualizácia),1.096,https://www.mfsr.sk/files/sk/financie/hodnota-za-peniaze/hodnotenia-investicnych-projektov/doprava/hodnotenie_velky-hores-streda-nad-bodrogom.pdf,analýza,1,0,None,None,Doprava
Rezortný privátny cloud Ministerstva financií SR,2.054,https://www.mfsr.sk/files/archiv/61/Cloud_MF_SR_hodnotenie_UHP_20221003.pdf,analýza,1,0,None,None,Informatizacia
Rozpočtový informačný systém (RIS),2.087,https://www.mfsr.sk/files/sk/financie/hodnota-za-peniaze/hodnotenia-investicnych-projektov/it/ris_hodnotenie_uhp.pdf,hodnotenie,2,1,štúdia uskutočniteľnosti,2.107,Informatizacia
Rozvoj Fakultnej nemocnice s poliklinikou F.D. Roosevelta Banská Bystrica,3.008,https://www.mfsr.sk/files/archiv/28/UHP_FNsPBB-hodnotenie_20221005.pdf,analýza,1,0,None,None,Budovy
Rozvoj fakultnej nemocnice Trnava,3.011,https://www.mfsr.sk/files/archiv/92/Hodnotenie_Fakultna-nemocnica-TT_16122022.pdf,analýza,1,0,None,None,Budovy
Rozvoj platformy integrácie údajov a Manažment osobných údajov,2.007,https://www.mfsr.sk/files/archiv/uhp/3370/76/Stanovisko_RozvojCSRU_UHP_20180418.pdf,analýza,1,0,None,None,Informatizacia
Rozšírenie portfólia služieb a inovácia služieb elektronického zdravotníctva,2.033,https://www.mfsr.sk/files/archiv/76/ESO2_UHP_hodnotnie_20190611.pdf,analýza,1,0,None,None,Informatizacia
Rýchlostná cesta R1 - Banská Bystrica – Slovenská Ľupča,1.046,https://www.mfsr.sk/files/archiv/56/doprava_vfm_hodnotenie_20211117.pdf,analýza,2,1,štúdia uskutočniteľnosti,1.142,Doprava
Rýchlostná cesta R2 Kriváň – Tornaľa,1.067,https://www.mfsr.sk/files/archiv/18/Hodnotenie_NDS_R2-Krivan-Tornala_20220727.pdf,analýza,1,0,None,None,Doprava
"Rýchlostná cesta R4 Prešov – severný obchvat, II. etapa",1.043,https://www.mfsr.sk/files/archiv/61/stanovisko_vfm_R4_PO_II_20210827.pdf,analýza,2,1,štúdia uskutočniteľnosti,1.143,Doprava
"Rýchlostná cesta R4 Prešov – severný obchvat, II. etapa (aktualizácia)",1.084,https://www.mfsr.sk/files/archiv/46/Hodnotenie_Aktualizacia_Presov_obchvat_sever_etapa_II_R4.pdf,analýza,1,0,None,None,Doprava
Rýchlostná cesta R8 Nitra – križovatka R2,1.041,https://www.mfsr.sk/files/archiv/44/stanovisko_vfm_R8_20210513.pdf,analýza,2,1,štúdia uskutočniteľnosti,1.13,Doprava
SLA zmluva pre Jednotný informačný systém v cestnej doprave (JISCD),2.101,https://www.mfsr.sk/files/archiv/54/Hodnotenie_JISCD_SLA.pdf,hodnotenie,1,0,None,None,Informatizacia
Sanácia mimoriadnej situácie na ceste II/531 Muráň – Muránska Huta,1.032,https://www.mfsr.sk/files/sk/financie/hodnota-za-peniaze/hodnotenie-investicnych-projektov/stanovisko_k_projektu_muran_zosuv_2020102.pdf,analýza,1,0,None,None,Doprava
Sanácia prevádzkyschopnosti Národného personalizačného centra,2.059,https://www.mfsr.sk/files/archiv/33/Sanacia_NPC_hodnotenie_UHP_20221111.pdf,analýza,1,0,None,None,Informatizacia
Slovensko v mobile,2.046,https://www.mfsr.sk/files/archiv/83/SvM_UHP_hodnotenie_20210518.pdf,analýza,1,0,None,None,Informatizacia
Služby certifikačnej autority pre FS (PKI služby pre FS) a PKI e-Kasa,2.025,https://www.mfsr.sk/files/archiv/50/PKI_FS_hodnotenie_20190408_1530.pdf,analýza,1,0,None,None,Informatizacia
Smart Green Hospital Prešov,3.014,https://www.mfsr.sk/files/archiv/37/FN-Presov-20230220_hodnotenie.pdf,analýza,1,0,None,None,Budovy
Spravodlivosť: Výstavba väznice v Rimavskej Sobote formou PPP,5.001,https://www.mfsr.sk/files/archiv/uhp/3370/76/vaznica_RS_stanovisko_180111_web.pdf,analýza,3,2,"Prognóza, štúdia uskutočniteľnosti","5.002, 5.003",Ostatne
Stanovisko ÚHP MFSR ku hodnoteniu IT projektov predložených na 6. zasadnutie Riadiaceho výboru PO7 OPII,2.01,https://www.mfsr.sk/files/archiv/uhp/3370/76/Stanovisko-UHP-MFSR-ku-hodnoteniu-IT-projektov.pdf,stanovisko,1,0,None,None,Informatizacia
Stavba úseku R2 Rožňava – Jablonov nad Turňou (tunel Soroška),1.015,https://www.mfsr.sk/files/archiv/42/r2_soroska_hodnotenieMFSR.pdf,analýza,3,2,"Korekcia diaľničných známok, analýza","1.017, 1.02",Doprava
Systém verejného obstarávania,2.024,https://www.mfsr.sk/files/archiv/55/SVO_UHP_hodnotenie_20190220.pdf,analýza,1,0,None,None,Informatizacia
"Sčítanie obyvateľov, domov a bytov 2021",2.029,https://www.mfsr.sk/files/archiv/81/SODB21_UHP_hodnotenie_190509.pdf,analýza,1,0,None,None,Informatizacia
TTR – redizajn procesu tvorby cestovného poriadku pre lepšie využívanie železničnej infraštruktúry,1.091,https://www.mfsr.sk/files/archiv/78/UHP_Hodnotenie-TTR_20230907.pdf,analýza,3,2,"Štúdia implementácie IT, štúdia uskutočniteľnosti","1.127, 1.134",Doprava
TTR – redizajn procesu tvorby cestovného poriadku pre lepšie využívanie železničnej infraštruktúry (aktualizácia),1.097,https://www.mfsr.sk/files/sk/financie/hodnota-za-peniaze/hodnotenia-investicnych-projektov/doprava/hodnotenie-ttr-aktualizacia.pdf,analýza,1,0,None,None,Doprava
Viacúčelové vrtuľníky UH-60M Black Hawk pre plnenia úloh síl špeciálneho určenia,4.004,https://www.mfsr.sk/files/archiv/29/Hodnotenie_Black_Hawk_SOF.pdf,analýza,2,1,štúdia uskutočniteľnosti,4.024,Obrana
Vládny cloud – rozšírenie o Komunitný zdravotnícky cloud,2.039,https://www.mfsr.sk/files/archiv/86/ZDE_UHP_hodnotenie_20190701.pdf,analýza,1,0,None,None,Informatizacia
Vnútro: Automatizácia systému odhaľovania porušení pravidiel cestnej premávky,5.008,https://www.mfsr.sk/files/archiv/67/UHP-Hodnotenie_ASOPPCP.pdf,analýza,1,0,None,None,Ostatne
Vnútro: Obmena automobilov hasičskej záchrannej služby kategórie 1B,5.009,https://www.mfsr.sk/files/archiv/9/Hodnotenie_vozidla1B20230428.pdf,analýza,2,1,štúdia uskutočniteľnosti,5.019,Ostatne
"Vybudovanie Centra simulácie, výskumu a výuky kybernetických hrozieb a kybernetickej bezpečnosti",2.036,https://www.mfsr.sk/files/archiv/94/kyberarena_UHP_hodnotenie_20190611.pdf,analýza,1,0,None,None,Informatizacia
Vybudovanie IT platformy lepšej regulácie podľa stratégie RIA 2020,2.08,https://www.mfsr.sk/files/sk/financie/hodnota-za-peniaze/hodnotenia-investicnych-projektov/it/vybudovanie_it_platformy_lepsej_regulacie_podla_strategie_ria_2020_hodnotenie_uhp_2024.pdf,hodnotenie,1,0,None,None,Informatizacia
Vybudovanie diaľkovo ovládaného zabezpečovacieho zariadenia na trati Prešov – Strážske,1.079,https://www.mfsr.sk/files/archiv/92/Hodnotenie_DOZZ_Presov_Strazske.pdf,analýza,1,0,None,None,Doprava
Vybudovanie informačného systému na poskytovanie Leteckých informačných služieb (IS LIS),2.053,https://www.mfsr.sk/files/archiv/24/Hodnotenie_UHP_ISLeteckychSluzieb_20220916.pdf,analýza,1,0,None,None,Informatizacia
Vybudovanie infraštruktúry na kontrolu a prípravu vozového parku železničnej osobnej dopravy - Nové Zámky,1.009,https://www.mfsr.sk/files/archiv/92/THU-NZ-ZSSK_hodnotenie_20190128.pdf,analýza,1,0,None,None,Doprava
Vybudovanie nosnej infraštruktúry bezpečného informačno-komunikačného systému FS SR,2.034,https://www.mfsr.sk/files/archiv/35/CyberFS_UHP_hodnotenie_20190611.pdf,analýza,1,0,None,None,Informatizacia
Vybudovanie udržateľného HPC ekosystému na Slovensku,2.066,https://www.mfsr.sk/files/archiv/19/Superpocitac_MIRRI_SR_hodnotenie_UHP.pdf,analýza,1,0,None,None,Informatizacia
Východoslovenský onkologický ústav,3.02,https://www.mfsr.sk/files/archiv/43/VOU_20230719.pdf,analýza,1,0,None,None,Budovy
Výstavba novej univerzitnej nemocnice v Martine,3.005,https://www.mfsr.sk/files/archiv/62/Hodnotenie_UNM_20220225.pdf,analýza,1,0,None,None,Budovy
Výstavba novej univerzitnej nemocnice v Martine (aktualizácia pred podpisom zmluvy),3.027,https://www.mfsr.sk/files/archiv/45/Aktualizacia3_nUNM_20240605.pdf,analýza,2,1,štúdia uskutočniteľnosti,3.044,Budovy
Výstavba novej univerzitnej nemocnice v Martine (aktualizácia č.2),3.022,https://www.mfsr.sk/files/archiv/9/Aktualizacia2_nUNM_UHP_hodnotenie.pdf,analýza,1,0,None,None,Budovy
Výstavba novej univerzitnej nemocnice v Martine (aktualizácia),3.01,https://www.mfsr.sk/files/archiv/41/Aktualizacia_nUNM_20221209.pdf,analýza,2,1,štúdia uskutočniteľnosti,3.043,Budovy
Výstavba novej železničnej trate v úseku Nitra – Trnovec nad Váhom,1.055,https://www.mfsr.sk/files/archiv/20/UHP-hodnotenie-Nitra-Trnovec_20220421.pdf,analýza,2,1,Najčastejšie otázky a odpovede,1.125,Doprava
Výstavba telocviční a školských dvorov na ZŠ (štúdia uskutočniteľnosti),5.006,https://www.mfsr.sk/files/archiv/20/Vystavba-telocvicni-a-skolskych-dvorov-na-ZS_hodnotenie-062022.pdf,analýza,1,0,None,None,Ostatne
Vývoj a konštrukcia superpočítača pre národné superpočítačové centrum (aktualizácia),2.088,https://www.mfsr.sk/files/sk/financie/hodnota-za-peniaze/hodnotenia-investicnych-projektov/it/aktualizacia-hodnotenia_superpocitac_sav.pdf,hodnotenie,4,2,"Aktualizovaná štúdia, aktualizácia","2.105, 2.112",Informatizacia
Vývoj a konštrukcia superpočítača pre národné superpočítačové centrum - lokalita Technická univerzita Košice,2.095,https://www.mfsr.sk/files/sk/financie/hodnota-za-peniaze/hodnotenia/informatizacia/aktualizacia-hodnotenia_superpocitac_tuke.pdf,hodnotenie,1,0,None,None,Informatizacia
ZSSK - Vybudovanie strediska technicko-hygienickej údržby v Košiciach,1.102,https://www.mfsr.sk/files/sk/financie/hodnota-za-peniaze/hodnotenia-investicnych-projektov/doprava/hodnotenie_thu_kosice.pdf,hodnotenie,2,1,štúdia uskutočniteľnosti,1.147,Doprava
ZSSK - Vybudovanie strediska technicko-hygienickej údržby v Žiline,1.103,https://www.mfsr.sk/files/sk/financie/hodnota-za-peniaze/hodnotenia-investicnych-projektov/doprava/hodnotenie_thu_zilina.pdf,hodnotenie,2,1,štúdia uskutočniteľnosti,1.119,Doprava
Zabezpečenie efektívneho používania služieb ESO1 poskytovateľmi zdravotnej starostlivosti na celom území SR (projekt ESO1 – D),2.019,https://www.mfsr.sk/files/archiv/79/ESO1D_UHP_hodnotenie_20181215.pdf,analýza,1,0,None,None,Informatizacia
Zabezpečenie kancelárskych softvérových licencií pre štátnu správu,2.011,https://www.mfsr.sk/files/archiv/36/microsoft_stanovisko_UHP_20190815.pdf,stanovisko,1,0,None,None,Informatizacia
Zabezpečenie výpočtovej technicky na lokalitách v rámci celej SR,2.075,https://www.mfsr.sk/files/sk/financie/hodnota-za-peniaze/hodnotenia-investicnych-projektov/it/ikt_ramcova_zmluva_hodnotenie_uhp_20240816.pdf,hodnotenie,1,0,None,None,Informatizacia
Zabezpečenie výpočtovej techniky na lokalitách v rámci celej SR (aktualizácia),2.093,https://www.mfsr.sk/files/sk/financie/hodnota-za-peniaze/hodnotenia/informatizacia/ikt_ramcova_zmluva_aktualizacia_uhp.pdf,hodnotenie,2,1,Doplnenie hodnotenia,2.096,Informatizacia
Zavedenie služieb Platform as a Service,2.009,https://www.mfsr.sk/files/archiv/uhp/3370/76/Stanovisko_PaaS_UHP_180418.pdf,analýza,1,0,None,None,Informatizacia
Zefektívnenie štátneho dozoru v starostlivosti o životné prostredie,2.02,https://www.mfsr.sk/files/archiv/34/SIZP_UHP_hodnotenie_20190215.pdf,analýza,1,0,None,None,Informatizacia
"Zjednotenie priestorov Ministerstva investícií, regionálneho rozvoja a informatizácie Slovenskej republiky",3.007,https://www.mfsr.sk/files/archiv/44/Hodnotenie-MIRRI_210908_clean.pdf,analýza,1,0,None,None,Budovy
Zmluva na prevádzku a rozvoj systému Portál finančnej správy (PFS),2.043,https://www.mfsr.sk/files/archiv/65/pfs_sla_hodnotenie_20200316.pdf,analýza,2,1,štúdia uskutočniteľnosti,2.109,Informatizacia
Zmluva na prevádzku a rozvoj systému Rozpočtový informačný systém (RIS),2.041,https://www.mfsr.sk/files/archiv/71/RIS_SLA_hodnotenie_20191206.pdf,analýza,1,0,None,None,Informatizacia
"Zvyšovanie úžitkovej hodnoty digitálnych služieb pre občanov, podnikateľov a inštitúcie verejnej správy",2.008,https://www.mfsr.sk/files/archiv/uhp/3370/76/Stanovisko_UPVS_UHP_180418.pdf,analýza,1,0,None,None,Informatizacia
Zvýšenie kapacity vládneho cloudu v Datacentre Kopčianska,2.032,https://www.mfsr.sk/files/archiv/3/IaaS_Kopc_UHP_hodnotenie_20190611.pdf,analýza,1,0,None,None,Informatizacia
Zvýšenie kapacity vládneho cloudu v Datacentre Kopčianska (aktualizácia),2.055,https://www.mfsr.sk/files/archiv/2/Hodnotenie_aktualizacia_kopcianska_20221004.pdf,analýza,1,0,None,None,Informatizacia
Zvýšenie kapacity vládneho cloudu v Datacentre Tajov,2.042,https://www.mfsr.sk/files/archiv/65/IaaS_Tajov_UHP_hodnotenie_200122.pdf,analýza,1,0,None,None,Informatizacia
Zvýšenie kybernetickej bezpečnosti samospráv do 6 000 obyvateľov,2.081,https://www.mfsr.sk/files/sk/financie/hodnota-za-peniaze/hodnotenia-investicnych-projektov/it/hodnotenie_uhp_dcom.pdf,hodnotenie,1,0,None,None,Informatizacia
Zvýšenie majetkovej účasti štátu v Exportno-importnej banke Slovenskej republiky,5.012,https://www.mfsr.sk/files/sk/financie/hodnota-za-peniaze/hodnotenia-investicnych-projektov/ostatne/hodnotenie_zvysenie-majetkovej-ucasti-statu-exportno-importnej-banke-slovenskej-republiky.pdf,hodnotenie,2,1,štúdia uskutočniteľnosti,5.017,Ostatne
Zvýšenie priepustnosti trate Bratislava – Dunajská Streda – Komárno (doplnenie),1.115,https://www.mfsr.sk/files/sk/financie/hodnota-za-peniaze/hodnotenia/doprava/hodnotenie_bratislava_dunajska-streda_komarno.pdf,hodnotenie,1,0,None,None,Doprava
eCommerce - Zásielky nízkej hodnoty,2.044,https://www.mfsr.sk/files/archiv/88/eCommerce_201203_web.pdf,analýza,1,0,None,None,Informatizacia
eSKa Cloud (aktualizácia),2.076,https://www.mfsr.sk/files/sk/financie/hodnota-za-peniaze/hodnotenia-investicnych-projektov/it/aktualizacia_hodnotenia_eska-cloud_mirri.pdf,hodnotenie,1,0,None,None,Informatizacia
Úrad vlády SR - Rekonštrukcia kaštieľa v Rusovciach,3.038,https://www.mfsr.sk/files/archiv/uhp/3370/76/Stanovisko-Rekonstrukcia-kastiela-Rusovciach.pdf,stanovisko,1,0,None,None,Budovy
Úrad vlády SR - Rekonštrukcia kaštieľa v Rusovciach (Aktualizované hodnotenie),3.039,https://www.mfsr.sk/files/archiv/46/rusovce_stanovisko_UHP_20200109c.pdf,stanovisko,1,0,None,None,Budovy
"Štúdia uskutočniteľnosti I/64 Topoľčany – Žilina, úsek Porúbka - Lietavská Lúčka, obchvat",1.057,https://www.mfsr.sk/files/archiv/84/hodnotenie_vfm_I64_Lietavska-Lucka_20220518.pdf,analýza,1,0,None,None,Doprava
ŽSR - Zriadenie a prevádzkovanie kontrolných bodov,1.071,https://www.mfsr.sk/files/archiv/43/Hodnotenie_ChPs_20221123.pdf,analýza,1,0,None,None,Doprava
ŽSR Zvýšenie priepustnosti trate Bratislava - Dunajská Streda - Komárno,1.056,https://www.mfsr.sk/files/archiv/78/Hodnotenie-ZSR-Zvysenie-priepustnosti-BA-DS-KN_20220429.pdf,analýza,1,0,None,None,Doprava
"ŽSR, Elektrifikácia a optimalizácia trate Zvolen - Fiľakovo",1.035,https://www.mfsr.sk/files/archiv/27/stanovisko_ELZVFIL_20201127.pdf,analýza,1,0,None,None,Doprava
"ŽSR, Elektrifikácia trate Haniska – Veľká Ida – Moldava nad Bodvou mesto",1.014,https://www.mfsr.sk/files/archiv/28/stanovisko_Haniska_UHP.pdf,analýza,1,0,None,None,Doprava
"ŽSR, Modernizácia koridoru, štátna hranica ČR/SR – Čadca – Krásno nad Kysucou - aktualizácia hodnotenia",1.051,https://www.mfsr.sk/files/archiv/25/KnK_Cadca_hranicaSR_akt_20220111_st.pdf,analýza,1,0,None,None,Doprava
"ŽSR, Modernizácia koridoru, štátna hranica ČR/SR – Čadca – Krásno nad Kysucou časť: Hranica SR/ČR – Čadca (mimo)",1.021,https://www.mfsr.sk/files/archiv/44/Cadca_hranicaSR_CEF_uhp_20200407_web.pdf,analýza,1,0,None,None,Doprava
"ŽSR, Modernizácia koridoru, štátna hranica ČR/SR – Čadca – Krásno nad Kysucou časť: Krásno nad Kysucou - Čadca (vrátane)",1.042,https://www.mfsr.sk/files/archiv/78/KnK_Cadca_hranicaSR_uhp_20210707.pdf,analýza,1,0,None,None,Doprava
"ŽSR, Optimalizácia trate Prievidza – Jelšovce",1.033,https://www.mfsr.sk/files/archiv/68/Hodnotenie_PD_JE_201111.pdf,analýza,2,1,štúdia uskutočniteľnosti,1.116,Doprava
"ŽSR, dostavba zriaďovacej stanice Žilina-Teplička a nadväzujúcej železničnej infraštruktúry v uzle Žilina",1.011,https://www.mfsr.sk/files/archiv/43/Hodnotenie_UzolZA_20190305.pdf,analýza,1,0,None,None,Doprava
ŽSR: Elektrifikácia trate Bánovce nad Ondavou - Humenné,1.037,https://www.mfsr.sk/files/archiv/68/Hodnotenie_ZSR_ELBAHU_20210311.pdf,analýza,1,0,None,None,Doprava
​​Rozširovanie riadenia IT aktív – ITAM 2.0​,2.083,https://www.mfsr.sk/files/sk/financie/hodnota-za-peniaze/hodnotenia-investicnych-projektov/it/rozsirovanie-riadenia-it-aktiv-itam-2-0_hodnotenie-uhp-2024.pdf,hodnotenie,1,0,None,None,Informatizacia
